Date/Time From,Date/Time To,App Registrations,QR Codes Generated,NZBN Registered Businesses,Scans,Manual Entries,Active Devices,Bluetooth Active (24hr)
19/05/2020 12:00,20/05/2020 12:00,"92,595",,,"1,407",0,,
20/05/2020 12:00,21/05/2020 12:00,"143,405","5,800","11,411","11,411",0,,
21/05/2020 12:00,22/05/2020 12:00,"57,000","4,892","23,561","23,561",0,,
22/05/2020 12:00,23/05/2020 12:00,"31,000","1,528","30,275","30,275",0,,
23/05/2020 12:00,24/05/2020 12:00,"30,000",,,"31,444",0,,
24/05/2020 12:00,25/05/2020 12:00,"26,000",,,"29,426",0,,
25/05/2020 12:00,26/05/2020 12:00,"25,000","3,330",,"31,629",0,,
26/05/2020 12:00,27/05/2020 12:00,"17,000","1,510",,"36,794",0,,
27/05/2020 12:00,28/05/2020 12:00,"14,000","1,200",,"39,216",0,,
28/05/2020 12:00,29/05/2020 12:00,"10,000","1,270",,"43,473",0,,
29/05/2020 12:00,30/05/2020 12:00,"12,000",,,"48,091",0,,
30/05/2020 12:00,31/05/2020 12:00,"10,000","1,097","10,679","51,353",0,,
31/05/2020 12:00,01/06/2020 12:00,"8,000",,,"41,061",0,,
01/06/2020 12:00,02/06/2020 12:00,"6,000",588,301,"41,382",0,,
02/06/2020 12:00,03/06/2020 12:00,"5,000","2,797",,"39,801",0,,
03/06/2020 12:00,04/06/2020 12:00,"8,000",,,"43,562",0,,
04/06/2020 12:00,05/06/2020 12:00,"6,000","8,061","4,805","45,368",0,,
05/06/2020 12:00,06/06/2020 12:00,"10,645",,,"49,272",0,,
06/06/2020 12:00,07/06/2020 12:00,"5,355",,,"50,110",0,,
07/06/2020 12:00,08/06/2020 12:00,"5,000","5,431","2,722","47,585",0,,
08/06/2020 12:00,09/06/2020 12:00,"13,000","3,199","1,227","43,688",0,,
09/06/2020 12:00,10/06/2020 12:00,"6,000","2,619",805,"41,358",0,,
10/06/2020 12:00,11/06/2020 12:00,"5,000","1,778",368,"40,404",0,,
11/06/2020 12:00,12/06/2020 12:00,"4,000","1,600",193,"36,798",0,,
12/06/2020 12:00,13/06/2020 12:00,"2,000",777,330,"30,559",0,,
13/06/2020 12:00,14/06/2020 12:00,"2,000",358,171,"26,429",0,,
14/06/2020 12:00,15/06/2020 12:00,"3,000","1,038",435,"26,643",0,,
15/06/2020 12:00,16/06/2020 12:00,"1,000","3,480","1,877","27,261",0,,
16/06/2020 12:00,17/06/2020 12:00,"4,000","4,199","1,729","33,006",0,,
17/06/2020 12:00,18/06/2020 12:00,"3,000","3,136",975,"35,471",0,,
18/06/2020 12:00,19/06/2020 12:00,"4,000","2,491",815,"34,190",0,,
19/06/2020 12:00,20/06/2020 12:00,"2,000",878,352,"24,013",0,,
20/06/2020 12:00,21/06/2020 12:00,"2,000",103,61,"15,887",0,,
21/06/2020 12:00,22/06/2020 12:00,"3,000",516,180,"18,053",0,,
22/06/2020 12:00,23/06/2020 12:00,"1,000","10,081",259,"19,599",0,,
23/06/2020 12:00,24/06/2020 12:00,"2,000",790,212,"19,166",0,"12,169",
24/06/2020 12:00,25/06/2020 12:00,"1,000",284,118,"17,782",0,"13,146",
25/06/2020 12:00,26/06/2020 12:00,"1,000",316,97,"16,176",0,"11,988",
26/06/2020 12:00,27/06/2020 12:00,"1,000",138,58,"12,096",0,"9,009",
27/06/2020 12:00,28/06/2020 12:00,"1,000",31,19,"9,925",0,"7,329",
28/06/2020 12:00,29/06/2020 12:00,"1,000",,,"11,887",0,"9,336",
29/06/2020 12:00,30/06/2020 12:00,"1,000",460,189,"12,878",0,"9,692",
30/06/2020 12:00,01/07/2020 12:00,"1,000",150,48,"12,917",0,"9,676",
01/07/2020 12:00,02/07/2020 12:00,"1,000",228,87,"12,244",0,"9,175",
02/07/2020 12:00,03/07/2020 12:00,500,97,41,"13,197",0,"8,867",
03/07/2020 12:00,04/07/2020 12:00,500,61,28,"9,985",0,"6,838",
04/07/2020 12:00,05/07/2020 12:00,800,25,13,"7,966",0,"5,399",
05/07/2020 12:00,06/07/2020 12:00,,,,"12,549",0,"6,842",
06/07/2020 12:00,07/07/2020 12:00,"1,200",753,108,"13,759",0,"7,153",
07/07/2020 12:00,08/07/2020 12:00,"1,000",134,33,"14,858",0,"7,330",
08/07/2020 12:00,09/07/2020 12:00,"1,000",131,46,"16,310",0,"7,528",
09/07/2020 12:00,10/07/2020 12:00,700,104,52,"17,564",0,"7,491",
10/07/2020 12:00,11/07/2020 12:00,,,,"14,737",0,"6,039",
11/07/2020 12:00,12/07/2020 12:00,,,,"12,079",0,"4,800",
12/07/2020 12:00,13/07/2020 12:00,"1,300",105,58,"14,403",0,"5,982",
13/07/2020 12:00,14/07/2020 12:00,,,,"17,100",0,"6,959",
14/07/2020 12:00,15/07/2020 12:00,"2,000",364,156,"18,663",0,"7,156",
15/07/2020 12:00,16/07/2020 12:00,"11,000",882,431,"25,720",0,"9,937",
16/07/2020 12:00,17/07/2020 12:00,"4,500",682,357,"31,928",0,"11,907",
17/07/2020 12:00,18/07/2020 12:00,,,,"27,267",0,"9,746",
18/07/2020 12:00,19/07/2020 12:00,,,,"22,252",0,"7,823",
19/07/2020 12:00,20/07/2020 12:00,"3,900",411,225,"24,049",0,"8,916",
20/07/2020 12:00,21/07/2020 12:00,900,227,111,"25,079",0,"9,135",
21/07/2020 12:00,22/07/2020 12:00,900,188,88,"23,687",0,"8,730",
22/07/2020 12:00,23/07/2020 12:00,800,145,83,"24,162",0,"17,791",
23/07/2020 12:00,24/07/2020 12:00,800,206,87,"24,078",0,"17,615",
24/07/2020 12:00,25/07/2020 12:00,,,,"21,129",0,"15,500",
25/07/2020 12:00,26/07/2020 12:00,,,,"17,980",0,"13,074",
26/07/2020 12:00,27/07/2020 12:00,"1,200",120,60,"20,091",0,"15,041",
27/07/2020 12:00,28/07/2020 12:00,500,108,51,"21,466",0,"15,722",
28/07/2020 12:00,29/07/2020 12:00,500,151,47,"22,036",5,"16,139",
29/07/2020 12:00,30/07/2020 12:00,400,"1,239",36,"22,130",28,"16,060",
30/07/2020 12:00,31/07/2020 12:00,"1,000",121,41,"21,105","3,591","15,269",
31/07/2020 12:00,01/08/2020 12:00,,,,"17,475","6,226","12,434",
01/08/2020 12:00,02/08/2020 12:00,,,,"16,428","7,922","11,466",
02/08/2020 12:00,03/08/2020 12:00,"4,000",252,137,"19,402","6,866","13,905",
03/08/2020 12:00,04/08/2020 12:00,"1,500",269,96,"21,568","7,493","15,135",
04/08/2020 12:00,05/08/2020 12:00,"2,800",408,205,"25,254","10,269","17,702",
05/08/2020 12:00,06/08/2020 12:00,"6,400",942,542,"32,169","28,747","22,353",
06/08/2020 12:00,07/08/2020 12:00,"4,300","1,945",456,"37,806","22,672","25,533",
07/08/2020 12:00,08/08/2020 12:00,,,,"33,790","18,862","22,898",
08/08/2020 12:00,09/08/2020 12:00,,,,"29,357","16,784","19,825",
09/08/2020 12:00,10/08/2020 12:00,"5,000",703,342,"30,663","14,713","21,764",
10/08/2020 12:00,11/08/2020 12:00,"1,600",664,189,"33,283","14,842","23,030",
11/08/2020 12:00,12/08/2020 12:00,"105,000","13,932","7,486","147,714","127,453","101,234",
12/08/2020 12:00,13/08/2020 12:00,"233,200","37,295","19,916","452,637","190,504","247,810",
13/08/2020 12:00,14/08/2020 12:00,"186,600","32,736","15,423","833,270","180,634","394,899",
14/08/2020 12:00,15/08/2020 12:00,"130,400","14,926","6,351","982,413","156,551","447,043",
15/08/2020 12:00,16/08/2020 12:00,"71,000","7,025","2,656","897,807","102,839","412,493",
16/08/2020 12:00,17/08/2020 12:00,"68,100","16,761","7,762","977,512","101,103","481,598",
17/08/2020 12:00,18/08/2020 12:00,"56,700","23,831","7,749","1,130,846","96,372","530,093",
18/08/2020 12:00,19/08/2020 12:00,"57,100","32,040","5,890","1,242,891","97,203","564,225",
19/08/2020 12:00,20/08/2020 12:00,"70,400","26,187","6,142","1,433,024","95,562","627,665",
20/08/2020 12:00,21/08/2020 12:00,"48,100","11,226","2,713","1,596,677","84,634","662,617",
21/08/2020 12:00,22/08/2020 12:00,"37,400","5,668","1,305","1,613,537","78,320","693,138",
22/08/2020 12:00,23/08/2020 12:00,"32,000","1,489",439,"1,427,245","65,951","631,204",
23/08/2020 12:00,24/08/2020 12:00,"31,300","5,130","1,400","1,418,619","63,703","664,918",
24/08/2020 12:00,25/08/2020 12:00,"44,600","4,991",977,"1,537,375","69,445","701,100",
25/08/2020 12:00,26/08/2020 12:00,"28,700","4,062",712,"1,647,294","65,433","740,358",
26/08/2020 12:00,27/08/2020 12:00,"34,400","3,681",731,"1,748,992","68,143","773,863",
27/08/2020 12:00,28/08/2020 12:00,"25,400","5,640",634,"1,801,859","62,210","786,779",
28/08/2020 12:00,29/08/2020 12:00,"10,700","1,325",122,"1,852,085","58,141","800,732",
29/08/2020 12:00,30/08/2020 12:00,"21,700","1,249",229,"1,590,743","47,831","713,879",
30/08/2020 12:00,31/08/2020 12:00,"45,500","6,082","1,866","1,772,242","60,868","830,505",
31/08/2020 12:00,01/09/2020 12:00,"36,500","2,079",403,"2,138,825","75,429","909,813",
01/09/2020 12:00,02/09/2020 12:00,"27,400","6,262",996,"2,184,507","71,267","926,782",
02/09/2020 12:00,03/09/2020 12:00,"23,700","3,111",482,"2,318,624","71,561","966,795",
03/09/2020 12:00,04/09/2020 12:00,"20,000","2,794",397,"2,412,873","67,715","980,014",
04/09/2020 12:00,05/09/2020 12:00,"12,800",684,84,"2,509,511","67,834","999,525",
05/09/2020 12:00,06/09/2020 12:00,"18,600",740,139,"2,234,466","55,398","906,369",
06/09/2020 12:00,07/09/2020 12:00,"20,200","1,840",348,"2,032,993","52,677","906,313",
07/09/2020 12:00,08/09/2020 12:00,"10,900","2,136",243,"2,070,614","51,374","912,710",
08/09/2020 12:00,09/09/2020 12:00,"10,400","1,674",199,"2,098,330","55,721","916,476",
09/09/2020 12:00,10/09/2020 12:00,"10,600","1,494",184,"2,135,047","62,424","920,990",
10/09/2020 12:00,11/09/2020 12:00,"9,400","1,611",179,"2,215,576","57,151","939,965",
11/09/2020 12:00,12/09/2020 12:00,"4,000",358,41,"2,045,711","52,898","870,464",
12/09/2020 12:00,13/09/2020 12:00,"8,700",470,56,"1,754,646","43,056","753,980",
13/09/2020 12:00,14/09/2020 12:00,"10,918","1,131",207,"1,632,140","44,914","743,107",
14/09/2020 12:00,15/09/2020 12:00,"7,282","1,590",155,"1,590,274","46,355","721,328",
15/09/2020 12:00,16/09/2020 12:00,"6,400","3,160",119,"1,691,356","44,207","747,640",
16/09/2020 12:00,17/09/2020 12:00,"6,100","2,153",138,"1,727,483","44,431","755,486",
17/09/2020 12:00,18/09/2020 12:00,"5,400","1,248",102,"1,727,685","43,431","747,912",
18/09/2020 12:00,19/09/2020 12:00,0,0,0,"1,717,688","38,983","735,822",
19/09/2020 12:00,20/09/2020 12:00,0,0,0,"1,540,304","32,678","666,502",
20/09/2020 12:00,21/09/2020 12:00,"14,500","1,723",172,"1,441,956","33,814","672,636",
21/09/2020 12:00,22/09/2020 12:00,"3,800",982,100,"1,342,927","34,714","634,998",
22/09/2020 12:00,23/09/2020 12:00,"3,200",893,86,"1,182,774","34,300","567,223",
23/09/2020 12:00,24/09/2020 12:00,"3,400",915,77,"1,160,047","34,974","555,593",
24/09/2020 12:00,25/09/2020 12:00,"13,000",987,81,"1,190,238","41,140","554,380",
25/09/2020 12:00,26/09/2020 12:00,,,,"1,222,939","40,585","556,310",
26/09/2020 13:00,27/09/2020 13:00,,,,"1,068,563","33,305","484,371",
27/09/2020 13:00,28/09/2020 13:00,"9,000","1,664",180,"1,000,155","30,202","480,492",
28/09/2020 13:00,29/09/2020 13:00,"2,300",866,68,"1,000,704","30,455","476,854",
29/09/2020 13:00,30/09/2020 13:00,"2,000","1,469",92,"1,032,564","31,246","488,171",
30/09/2020 13:00,01/10/2020 13:00,"2,000","1,067",62,"1,033,530","31,190","486,281",
01/10/2020 13:00,02/10/2020 13:00,"2,000",906,66,"1,048,073","31,816","483,427",
02/10/2020 13:00,03/10/2020 13:00,900,237,27,"1,018,816","30,267","465,220",
03/10/2020 13:00,04/10/2020 13:00,"1,800",298,26,"865,695","25,454","411,990",
04/10/2020 13:00,05/10/2020 13:00,"2,800",983,66,"879,503","26,468","430,658",
05/10/2020 13:00,06/10/2020 13:00,"2,000",991,52,"930,913","30,458","445,183",
06/10/2020 13:00,07/10/2020 13:00,"1,100",812,56,"931,114","27,730","443,542",
07/10/2020 13:00,08/10/2020 13:00,"1,400",716,34,"883,409","27,980","424,193",
08/10/2020 13:00,09/10/2020 13:00,"1,300",919,55,"850,371","28,162","405,512",
09/10/2020 13:00,10/10/2020 13:00,"1,400",199,14,"813,499","26,862","389,153",
10/10/2020 13:00,11/10/2020 13:00,700,199,25,"661,270","21,871","336,633",
11/10/2020 13:00,12/10/2020 13:00,900,725,61,"651,165","23,011","341,519",
12/10/2020 13:00,13/10/2020 13:00,900,726,54,"648,444","23,830","334,891",
13/10/2020 13:00,14/10/2020 13:00,800,632,40,"686,080","24,264","346,758",
14/10/2020 13:00,15/10/2020 13:00,800,712,57,"667,026","23,931","338,603",
15/10/2020 13:00,16/10/2020 13:00,700,678,40,"664,627","23,301","335,379",
16/10/2020 13:00,17/10/2020 13:00,600,115,3,"685,971","22,723","351,370",
17/10/2020 13:00,18/10/2020 13:00,700,259,22,"507,849","17,751","276,278",
18/10/2020 13:00,19/10/2020 13:00,"1,200",651,42,"531,203","27,172","285,026",
19/10/2020 13:00,20/10/2020 13:00,600,673,50,"571,887","23,079","297,398",
20/10/2020 13:00,21/10/2020 13:00,700,610,45,"589,871","23,386","302,897",
21/10/2020 13:00,22/10/2020 13:00,"1,500",940,53,"659,093","34,105","331,599",
22/10/2020 13:00,23/10/2020 13:00,"2,900","1,048",68,"801,857","39,659","383,649",
23/10/2020 13:00,24/10/2020 13:00,"4,800",332,40,"1,009,392","58,636","461,094",
24/10/2020 13:00,25/10/2020 13:00,"4,000",383,32,"884,241","37,024","414,126",
25/10/2020 13:00,26/10/2020 13:00,"2,300",224,25,"716,933","28,827","356,442",
26/10/2020 13:00,27/10/2020 13:00,"2,800",919,86,"781,470","29,977","391,955",
27/10/2020 13:00,28/10/2020 13:00,"1,400",873,63,"833,970","30,477","407,609",
28/10/2020 13:00,29/10/2020 13:00,900,342,23,"821,191","28,710","399,927",
29/10/2020 13:00,30/10/2020 13:00,"1,100","2,028",79,"831,661","29,957","399,422",
30/10/2020 13:00,31/10/2020 13:00,700,396,19,"789,579","26,668","379,339",
31/10/2020 13:00,01/11/2020 13:00,"1,000",678,31,"620,472","23,179","318,968",
01/11/2020 13:00,02/11/2020 13:00,900,886,81,"652,280","22,366","338,274",
02/11/2020 13:00,03/11/2020 13:00,"1,200",864,89,"705,362","28,309","356,540",
03/11/2020 13:00,04/11/2020 13:00,"1,900","1,144",76,"786,483","32,340","388,506",
04/11/2020 13:00,05/11/2020 13:00,"1,825",304,24,"779,363","30,253","388,082",
05/11/2020 13:00,06/11/2020 13:00,"1,075","1,635",101,"791,579","27,544","387,718",
06/11/2020 13:00,07/11/2020 13:00,800,187,15,"821,199","29,611","388,484",
07/11/2020 13:00,08/11/2020 13:00,"1,100",295,24,"683,651","24,851","337,631",
08/11/2020 13:00,09/11/2020 13:00,"2,400",916,79,"732,384","34,132","369,357",
09/11/2020 13:00,10/11/2020 13:00,"1,711","1,183",72,"785,743","30,907","389,794",
10/11/2020 13:00,11/11/2020 13:00,"1,051",832,49,"800,546","27,638","392,149",
11/11/2020 13:00,12/11/2020 13:00,"1,138",931,52,"816,843","27,320","394,755",
12/11/2020 13:00,13/11/2020 13:00,"6,100","1,654",136,"1,055,843","58,012","488,294",
13/11/2020 13:00,14/11/2020 13:00,"2,700",367,34,"1,189,528","47,391","523,378",
14/11/2020 13:00,15/11/2020 13:00,"3,100",352,38,"1,004,796","34,938","460,816",
15/11/2020 13:00,16/11/2020 13:00,"3,200","1,149",103,"978,773","33,658","469,411",
16/11/2020 13:00,17/11/2020 13:00,"2,800","1,078",92,"1,019,948","34,304","482,552",
17/11/2020 13:00,18/11/2020 13:00,"2,200",984,70,"1,018,697","32,778","480,625",
18/11/2020 13:00,19/11/2020 13:00,"1,900","1,020",80,"1,024,815","31,323","480,886",
19/11/2020 13:00,20/11/2020 13:00,"2,300","1,102",63,"1,090,366","33,779","494,393",
20/11/2020 13:00,21/11/2020 13:00,"1,500",0,0,"1,071,269","31,395","479,784",
21/11/2020 13:00,22/11/2020 13:00,"1,200",0,0,"891,049","26,511","414,011",
22/11/2020 13:00,23/11/2020 13:00,"1,700","1,441",135,"869,693","25,488","422,397",
23/11/2020 13:00,24/11/2020 13:00,"1,300",267,22,"887,508","26,006","428,741",
24/11/2020 13:00,25/11/2020 13:00,"1,500","1,398",88,"847,900","29,461","423,462",
25/11/2020 13:00,26/11/2020 13:00,"1,400",909,54,"895,705","29,439","440,103",
26/11/2020 13:00,27/11/2020 13:00,"1,700",741,47,"940,340","30,972","447,271",
27/11/2020 13:00,28/11/2020 13:00,600,221,15,"909,835","29,456","421,681",
28/11/2020 13:00,29/11/2020 13:00,"1,200",262,25,"723,749","23,946","353,937",
29/11/2020 13:00,30/11/2020 13:00,"1,600",689,61,"715,863","23,704","367,113",
30/11/2020 13:00,01/12/2020 13:00,"1,200",699,66,"700,590","23,508","359,352",
01/12/2020 13:00,02/12/2020 13:00,"1,000",248,22,"709,857","22,702","367,175",
02/12/2020 13:00,03/12/2020 13:00,"1,000","1,166",74,"689,034","23,408","367,033",
03/12/2020 13:00,04/12/2020 13:00,"1,000",756,38,"688,691","22,981","354,406",
04/12/2020 13:00,05/12/2020 13:00,600,138,10,"639,690","22,135","325,398",
05/12/2020 13:00,06/12/2020 13:00,900,229,26,"515,186","17,980","275,902",
06/12/2020 13:00,07/12/2020 13:00,"1,000",560,42,"523,950","18,791","286,374",
07/12/2020 13:00,08/12/2020 13:00,800,508,39,"568,195","20,193","299,807",
08/12/2020 13:00,09/12/2020 13:00,400,172,17,"589,292","22,344","307,705",
09/12/2020 13:00,10/12/2020 13:00,,,,"595,268","24,152","318,903",
10/12/2020 13:00,11/12/2020 13:00,"3,500","1,112",85,"617,182","25,023","322,325",
11/12/2020 13:00,12/12/2020 13:00,"3,000",0,0,"587,022","28,082","299,901",
12/12/2020 13:00,13/12/2020 13:00,"2,000",696,67,"468,671","20,192","252,033",
13/12/2020 13:00,14/12/2020 13:00,"1,600",302,31,"509,035","21,367","275,298",
14/12/2020 13:00,15/12/2020 13:00,,,,"554,970","21,849","290,142",
15/12/2020 13:00,16/12/2020 13:00,"2,700","1,028",90,"570,405","23,668","295,860",
16/12/2020 13:00,17/12/2020 13:00,,,,"583,305","23,528","301,880",
17/12/2020 13:00,18/12/2020 13:00,"2,200",0,73,"585,911","22,922","297,201","351,430"
18/12/2020 13:00,19/12/2020 13:00,,,,"554,473","22,784","280,257","370,737"
19/12/2020 13:00,20/12/2020 13:00,"1,700",344,54,"461,592","18,344","240,690","380,108"
20/12/2020 13:00,21/12/2020 13:00,900,,,"519,622","21,150","268,954","390,749"
21/12/2020 13:00,22/12/2020 13:00,,,,"605,456","24,183","296,915",
22/12/2020 13:00,23/12/2020 13:00,"2,500","1,077",57,"615,941","24,223","299,364","416,493"
23/12/2020 13:00,24/12/2020 13:00,,,,"577,998","24,214","283,081",
24/12/2020 13:00,25/12/2020 13:00,"2,000",533,37,"223,398","11,682","141,071","426,021"
25/12/2020 13:00,26/12/2020 13:00,900,37,3,"170,465","7,482","102,079","411,617"
26/12/2020 13:00,27/12/2020 13:00,900,52,7,"307,734","12,913","173,399","418,880"
27/12/2020 13:00,28/12/2020 13:00,"1,000",63,5,"338,544","13,733","187,496","420,988"
28/12/2020 13:00,29/12/2020 13:00,"1,400",94,10,"412,311","18,132","220,731","428,521"
29/12/2020 13:00,30/12/2020 13:00,"1,300",156,14,"445,203","18,478","235,950","439,497"
30/12/2020 13:00,31/12/2020 13:00,"1,000",172,16,"446,103","18,501","236,166","447,060"
31/12/2020 13:00,01/01/2021 13:00,800,129,8,"309,166","14,416","182,271","451,582"
01/01/2021 13:00,02/01/2021 13:00,700,43,7,"278,532","11,495","166,682","446,841"
02/01/2021 13:00,03/01/2021 13:00,700,82,13,"330,248","13,720","189,924","453,751"
03/01/2021 13:00,04/01/2021 13:00,800,74,7,"327,680","14,104","187,948","457,881"
04/01/2021 13:00,05/01/2021 13:00,"1,300",128,20,"438,349","18,174","236,311","466,363"
05/01/2021 13:00,06/01/2021 13:00,"1,400",324,31,"500,376","21,655","262,933","481,515"
06/01/2021 13:00,07/01/2021 13:00,"1,500",462,30,"501,976","21,489","264,889","491,682"
07/01/2021 13:00,08/01/2021 13:00,"1,000",429,19,"506,488","19,942","265,919","498,802"
08/01/2021 13:00,09/01/2021 13:00,,,,"505,058","19,392","265,491",
09/01/2021 13:00,10/01/2021 13:00,"2,100",649,40,"394,332","15,598","223,806","507,388"
10/01/2021 13:00,11/01/2021 13:00,"1,100",205,23,"462,172","18,928","256,961","512,649"
11/01/2021 13:00,12/01/2021 13:00,"1,300",778,40,"518,877","20,660","279,268","521,231"
12/01/2021 13:00,13/01/2021 13:00,"1,300",895,59,"534,528","22,367","286,978","528,073"
13/01/2021 13:00,14/01/2021 13:00,"2,225",773,54,"574,562","27,048","309,516","538,827"
14/01/2021 13:00,15/01/2021 13:00,"1,995",815,49,"612,978","25,417","324,790","549,320"
15/01/2021 13:00,16/01/2021 13:00,"1,610",703,38,"590,309","24,760","311,248","555,824"
16/01/2021 13:00,17/01/2021 13:00,"1,466",175,21,"486,018","20,152","271,393","560,159"
17/01/2021 13:00,18/01/2021 13:00,"1,019",349,35,"548,083","22,524","305,225","566,272"
18/01/2021 13:00,19/01/2021 13:00,"3,598",837,55,"644,200","26,661","344,202","583,527"
19/01/2021 13:00,20/01/2021 13:00,"2,057","1,027",51,"654,463","25,586","347,391","592,212"
20/01/2021 13:00,21/01/2021 13:00,"1,890",824,49,"655,531","24,125","349,823","598,638"
21/01/2021 13:00,22/01/2021 13:00,"1,528",869,57,"658,453","24,024","348,232","602,697"
22/01/2021 13:00,23/01/2021 13:00,"1,510",795,37,"634,686","23,833","331,225","605,016"
23/01/2021 13:00,24/01/2021 13:00,"1,400",218,17,"521,034","20,487","287,715","605,751"
24/01/2021 13:00,25/01/2021 13:00,"16,226",905,114,"816,685","93,759","461,275","767,765"
25/01/2021 13:00,26/01/2021 13:00,"20,376","2,346",231,"1,071,803","63,414","557,435","859,369"
26/01/2021 13:00,27/01/2021 13:00,"9,796","2,150",155,"1,075,867","51,541","549,102","830,621"
27/01/2021 13:00,28/01/2021 13:00,"8,912","2,125",166,"1,157,327","68,167","613,262","936,585"
28/01/2021 13:00,29/01/2021 13:00,"12,777","3,084",169,"1,290,616","62,786","639,025","974,704"
29/01/2021 13:00,30/01/2021 13:00,"8,096","2,044",155,"1,278,864","54,268","619,131","981,792"
30/01/2021 13:00,31/01/2021 13:00,"4,792",639,84,"1,028,117","40,983","542,329","919,035"
31/01/2021 13:00,01/02/2021 13:00,"3,289",610,74,"922,672","35,018","490,794","915,542"
01/02/2021 13:00,02/02/2021 13:00,"2,834","1,005",98,"1,009,726","36,745","524,992","919,144"
02/02/2021 13:00,03/02/2021 13:00,"2,687","2,014",128,"1,044,778","37,236","539,091","924,263"
03/02/2021 13:00,04/02/2021 13:00,"2,201","1,522",97,"1,020,572","36,856","530,882","924,574"
04/02/2021 13:00,05/02/2021 13:00,"2,163","1,290",62,"1,033,471","37,058","528,189",
05/02/2021 13:00,06/02/2021 13:00,"1,774","3,567",84,"977,342","34,679","499,144","922,983"
06/02/2021 13:00,07/02/2021 13:00,"2,156",423,27,"836,140","30,943","441,935","915,797"
07/02/2021 13:00,08/02/2021 13:00,"1,674",256,34,"698,091","24,868","385,670","910,517"
08/02/2021 13:00,09/02/2021 13:00,"1,296",418,33,"832,417","27,843","449,218","917,995"
09/02/2021 13:00,10/02/2021 13:00,"1,587","1,208",61,"890,935","31,954","470,218","924,662"
10/02/2021 13:00,11/02/2021 13:00,"1,791","1,394",77,"884,825","29,968","465,242","924,712"
11/02/2021 13:00,12/02/2021 13:00,"1,315","1,259",59,"922,769","30,234","478,730","926,024"
12/02/2021 13:00,13/02/2021 13:00,869,"1,029",52,"893,568","28,415","456,892","924,998"
13/02/2021 13:00,14/02/2021 13:00,"1,062",259,13,"733,087","24,709","399,068","916,562"
14/02/2021 13:00,15/02/2021 13:00,"24,713","5,795",860,"1,280,188","112,348","710,488","1,118,638"
15/02/2021 13:00,16/02/2021 13:00,"28,865","7,551",861,"1,501,877","56,841","761,030","1,151,190"
16/02/2021 13:00,17/02/2021 13:00,"15,351","3,774",422,"1,575,268","49,613","784,965","1,132,751"
17/02/2021 13:00,18/02/2021 13:00,"16,312","3,773",352,"1,764,485","52,774","903,383","1,239,074"
18/02/2021 13:00,19/02/2021 13:00,"8,207","2,797",189,"1,855,211","48,600","875,124","1,186,056"
19/02/2021 13:00,20/02/2021 13:00,"4,874","2,332",99,"1,749,008","44,310","811,563","1,184,481"
20/02/2021 13:00,21/02/2021 13:00,"3,631",526,41,"1,403,031","34,417","711,368","1,170,410"
21/02/2021 13:00,22/02/2021 13:00,"3,590",592,51,"1,375,647","35,550","706,568","1,173,617"
22/02/2021 13:00,23/02/2021 13:00,"2,141","2,276",96,"1,354,927","35,832","687,554","1,171,288"
23/02/2021 13:00,24/02/2021 13:00,"3,347","3,657",91,"1,379,492","46,128","704,119","1,287,698"
24/02/2021 13:00,25/02/2021 13:00,"3,183","1,419",92,"1,394,914","40,590","710,571","1,180,357"
25/02/2021 13:00,26/02/2021 13:00,"2,475","1,689",92,"1,398,023","40,336","696,849","1,246,024"
26/02/2021 13:00,27/02/2021 13:00,"2,394","1,170",59,"1,390,576","40,613","691,210","1,228,252"
27/02/2021 13:00,28/02/2021 13:00,"8,224",627,76,"1,318,701","71,189","701,545","1,241,663"
28/02/2021 13:00,01/03/2021 13:00,"12,978","2,431",292,"1,520,536","48,199","807,694","1,234,818"
01/03/2021 13:00,02/03/2021 13:00,"9,358","2,912",342,"1,580,902","45,954","805,765","1,251,302"
02/03/2021 13:00,03/03/2021 13:00,"6,399","2,680",263,"1,573,559","41,690","815,036","1,260,789"
03/03/2021 13:00,04/03/2021 13:00,"3,681",0,0,"1,563,914","38,883","807,011","1,263,982"
04/03/2021 13:00,05/03/2021 13:00,"4,020","3,435",260,"1,531,886","34,242","788,296","1,265,891"
05/03/2021 13:00,06/03/2021 13:00,"3,350","1,165",69,"1,503,039","30,723","763,491","1,266,754"
06/03/2021 13:00,07/03/2021 13:00,"2,643",451,40,"1,438,170","27,514","731,898","1,258,171"
07/03/2021 13:00,08/03/2021 13:00,"2,936",681,64,"1,542,403","34,292","768,315","1,325,907"
08/03/2021 13:00,09/03/2021 13:00,"2,755","1,421",98,"1,499,545","35,552","752,534","1,278,845"
09/03/2021 13:00,10/03/2021 13:00,"2,010","1,269",82,"1,475,513","34,148","742,377","1,270,239"
10/03/2021 13:00,11/03/2021 13:00,"1,820","1,244",83,"1,418,379","33,105","736,489","1,264,676"
11/03/2021 13:00,12/03/2021 13:00,"1,703","1,367",76,"1,470,296","33,404","724,380","1,261,266"
12/03/2021 13:00,13/03/2021 13:00,"1,496","1,093",57,"1,344,246","30,589","661,487","1,254,171"
13/03/2021 13:00,14/03/2021 13:00,"1,257",288,34,"1,113,235","25,873","576,388","1,238,464"
14/03/2021 13:00,15/03/2021 13:00,"1,375",363,31,"1,108,814","27,938","588,538","1,242,956"
15/03/2021 13:00,16/03/2021 13:00,894,993,55,"1,135,945","28,098","594,123","1,240,704"
16/03/2021 13:00,17/03/2021 13:00,"1,125","1,014",61,"1,125,678","27,889","588,024","1,238,123"
17/03/2021 13:00,18/03/2021 13:00,"1,063",868,44,"1,106,549","28,071","584,514","1,233,952"
18/03/2021 13:00,19/03/2021 13:00,"1,096",880,49,"1,141,618","27,564","582,603","1,229,904"
19/03/2021 13:00,20/03/2021 13:00,"1,035",871,36,"1,105,328","26,028","556,381","1,224,961"
20/03/2021 13:00,21/03/2021 13:00,"1,313",287,13,"910,248","21,630","479,192","1,209,602"
21/03/2021 13:00,22/03/2021 13:00,"1,203",350,24,"910,633","22,879","492,134","1,213,891"
22/03/2021 13:00,23/03/2021 13:00,"1,190",923,54,"948,162","24,644","506,548","1,216,460"
23/03/2021 13:00,24/03/2021 13:00,"1,334","1,072",64,"978,102","26,936","517,609","1,290,529"
24/03/2021 13:00,25/03/2021 13:00,"1,195",907,65,"985,915","25,595","522,022","1,171,854"
25/03/2021 13:00,26/03/2021 13:00,"1,153",894,42,"1,009,694","26,806","523,382",
26/03/2021 13:00,27/03/2021 13:00,772,759,35,"962,391","23,831","491,183","1,210,573"
27/03/2021 13:00,28/03/2021 13:00,939,259,19,"802,264","20,161","426,384","1,231,104"
28/03/2021 13:00,29/03/2021 13:00,963,297,25,"800,547","21,567","438,349","1,240,280"
29/03/2021 13:00,30/03/2021 13:00,948,851,35,"838,040","22,369","451,950","1,248,264"
30/03/2021 13:00,31/03/2021 13:00,931,757,49,"878,932","23,778","462,849","1,260,010"
31/03/2021 13:00,01/04/2021 13:00,878,779,38,"934,680","24,625","483,762","1,266,251"
01/04/2021 13:00,02/04/2021 13:00,916,562,19,"597,129","17,954","355,999","1,262,585"
02/04/2021 13:00,03/04/2021 13:00,656,158,13,"618,417","15,608","335,266","1,239,163"
03/04/2021 13:00,04/04/2021 12:00,663,164,16,"600,522","17,115","334,594","1,241,514"
04/04/2021 12:00,05/04/2021 12:00,565,133,18,"429,790","12,996","262,450","1,230,418"
05/04/2021 12:00,06/04/2021 12:00,723,263,34,"731,810","19,258","393,473","1,255,721"
06/04/2021 12:00,07/04/2021 12:00,"1,238",729,48,"831,699","22,158","436,065","1,268,294"
07/04/2021 12:00,08/04/2021 12:00,"1,164",805,41,"821,180","24,132","432,945","1,271,286"
08/04/2021 12:00,09/04/2021 12:00,"1,075",930,51,"869,777","29,596","453,121","1,275,650"
09/04/2021 12:00,10/04/2021 12:00,946,807,27,"815,397","25,993","422,810","1,274,769"
10/04/2021 12:00,11/04/2021 12:00,773,248,12,"658,504","23,615","352,651","1,267,227"
11/04/2021 12:00,12/04/2021 12:00,777,374,20,"726,790","32,281","401,590","1,377,353"
12/04/2021 12:00,13/04/2021 12:00,843,806,33,"804,785","35,901","433,612","1,374,551"
13/04/2021 12:00,14/04/2021 12:00,843,747,52,"811,445","31,543","431,683","1,330,590"
14/04/2021 12:00,15/04/2021 12:00,977,700,32,"811,976","36,311","434,933","1,289,966"
15/04/2021 12:00,16/04/2021 12:00,902,829,39,"836,661","30,335","429,984","1,289,429"
16/04/2021 12:00,17/04/2021 12:00,"1,163",713,24,"789,057","27,790","403,888","1,286,469"
17/04/2021 12:00,18/04/2021 12:00,"1,034",287,23,"668,760","23,473","351,223","1,277,022"
18/04/2021 12:00,19/04/2021 12:00,"1,175",275,23,"679,091","26,601","369,736","1,284,847"
19/04/2021 12:00,20/04/2021 12:00,"2,247",722,40,"753,477","27,645","395,708","1,288,908"
20/04/2021 12:00,21/04/2021 12:00,"1,845",698,56,"767,544","34,023","406,016","1,351,780"
21/04/2021 12:00,22/04/2021 12:00,"1,572",765,44,"811,956","30,471","423,717","1,297,095"
22/04/2021 12:00,23/04/2021 12:00,"1,558",757,38,"815,716","29,274","419,034","1,296,298"
23/04/2021 12:00,24/04/2021 12:00,"1,584",506,25,"797,616","28,124","404,587","1,294,474"
24/04/2021 12:00,25/04/2021 12:00,"1,438",177,15,"573,765","25,380","311,922","1,283,744"
25/04/2021 12:00,26/04/2021 12:00,"1,192",178,17,"540,201","21,693","302,198","1,277,881"
26/04/2021 12:00,27/04/2021 12:00,"1,380",261,15,"659,586","26,636","355,975","1,292,388"
27/04/2021 12:00,28/04/2021 12:00,"1,367",669,43,"755,679","28,322","389,363","1,298,379"
28/04/2021 12:00,29/04/2021 12:00,"1,342",675,32,"749,971","27,375","388,423","1,299,289"
29/04/2021 12:00,30/04/2021 12:00,"1,405",797,35,"752,275","27,071","389,181","1,299,553"
30/04/2021 12:00,01/05/2021 12:00,"1,336",618,25,"721,927","26,284","369,823","1,297,133"
01/05/2021 12:00,02/05/2021 12:00,"1,165",93,12,"602,380","22,572","317,803","1,288,520"
02/05/2021 12:00,03/05/2021 12:00,981,286,18,"613,454","24,655","338,255","1,298,012"
03/05/2021 12:00,04/05/2021 12:00,"1,338",479,27,"662,579","25,370","355,889","1,300,661"
04/05/2021 12:00,05/05/2021 12:00,"1,179",826,44,"675,559","24,944","359,046","1,302,256"
05/05/2021 12:00,06/05/2021 12:00,"1,130",674,38,"682,836","26,846","363,638","1,302,359"
06/05/2021 12:00,07/05/2021 12:00,"1,393",591,17,"714,611","28,353","374,380","1,303,336"
07/05/2021 12:00,08/05/2021 12:00,"1,288",758,25,"679,619","26,006","352,438","1,301,205"
08/05/2021 12:00,09/05/2021 12:00,939,177,9,"561,480","21,242","299,247","1,292,770"
09/05/2021 12:00,10/05/2021 12:00,"1,122",136,15,"566,940","23,535","317,763","1,302,190"
10/05/2021 12:00,11/05/2021 12:00,"1,448",768,46,"612,175","24,559","333,154","1,303,359"
11/05/2021 12:00,12/05/2021 12:00,"1,174",691,31,"606,935","24,400","330,800","1,303,641"
12/05/2021 12:00,13/05/2021 12:00,"1,215",607,34,"624,097","24,878","337,524","1,302,858"
13/05/2021 12:00,14/05/2021 12:00,"1,186",648,38,"648,975","24,236","342,656","1,301,884"
14/05/2021 12:00,15/05/2021 12:00,976,542,15,"616,134","22,961","322,947","1,298,549"
15/05/2021 12:00,16/05/2021 12:00,"1,038",147,9,"537,732","19,999","284,900","1,289,290"
16/05/2021 12:00,17/05/2021 12:00,"1,136",235,17,"530,065","25,368","295,019","1,298,945"
17/05/2021 12:00,18/05/2021 12:00,"1,248",612,27,"551,229","23,832","303,896","1,331,697"
18/05/2021 12:00,19/05/2021 12:00,"1,066",551,27,"591,502","24,082","322,358","1,371,077"
19/05/2021 12:00,20/05/2021 12:00,"1,032",493,22,"600,927","23,142","326,557","1,304,588"
20/05/2021 12:00,21/05/2021 12:00,"1,037",672,24,"607,941","23,257","326,280","1,303,142"
21/05/2021 12:00,22/05/2021 12:00,"1,056",566,19,"576,417","21,427","299,730","1,300,029"
22/05/2021 12:00,23/05/2021 12:00,855,160,9,"489,341","18,529","261,315","1,290,406"
23/05/2021 12:00,24/05/2021 12:00,"1,015",117,19,"479,761","20,067","268,877","1,298,494"
24/05/2021 12:00,25/05/2021 12:00,"1,161",645,41,"520,805","22,023","286,602","1,300,515"
25/05/2021 12:00,26/05/2021 12:00,"1,017",560,30,"558,682","24,318","301,828","1,303,384"
26/05/2021 12:00,27/05/2021 12:00,923,535,30,"577,151","25,033","313,009","1,304,535"
27/05/2021 12:00,28/05/2021 12:00,802,608,35,"610,009","29,068","324,347","1,307,000"
28/05/2021 12:00,29/05/2021 12:00,"1,054",506,23,"585,877","26,866","309,943","1,304,612"
29/05/2021 12:00,30/05/2021 12:00,813,136,6,"474,717","22,112","255,175","1,297,379"
30/05/2021 12:00,31/05/2021 12:00,827,219,23,"449,677","23,102","256,187","1,303,456"
31/05/2021 12:00,01/06/2021 12:00,916,617,29,"507,050","24,411","281,826","1,306,235"
01/06/2021 12:00,02/06/2021 12:00,844,632,35,"553,372","29,310","300,753","1,329,251"
02/06/2021 12:00,03/06/2021 12:00,911,551,22,"572,386","27,105","309,351","1,418,055"
03/06/2021 12:00,04/06/2021 12:00,977,622,24,"591,891","25,711","313,616","1,428,554"
04/06/2021 12:00,05/06/2021 12:00,"1,078",577,25,"605,415","43,817","318,045","1,436,614"
05/06/2021 12:00,06/06/2021 12:00,787,154,24,"520,367","25,166","271,170","1,424,433"
06/06/2021 12:00,07/06/2021 12:00,843,116,8,"405,743","22,152","224,634","1,424,498"
07/06/2021 12:00,08/06/2021 12:00,"1,050",277,21,"473,167","26,048","266,503","1,435,934"
08/06/2021 12:00,09/06/2021 12:00,716,725,41,"552,520","27,004","297,801","1,438,991"
09/06/2021 12:00,10/06/2021 12:00,938,613,42,"557,223","26,460","299,793","1,439,912"
10/06/2021 12:00,11/06/2021 12:00,"1,189",669,39,"570,908","25,596","306,013","1,440,168"
11/06/2021 12:00,12/06/2021 12:00,"1,113",482,20,"539,639","22,935","286,327","1,439,058"
12/06/2021 12:00,13/06/2021 12:00,889,117,16,"449,575","20,424","242,941","1,432,431"
13/06/2021 12:00,14/06/2021 12:00,897,193,20,"445,543","22,488","252,590","1,439,201"
14/06/2021 12:00,15/06/2021 12:00,"1,002",543,41,"473,094","23,829","265,104","1,441,218"
15/06/2021 12:00,16/06/2021 12:00,907,546,27,"504,938","23,881","276,758","1,442,094"
16/06/2021 12:00,17/06/2021 12:00,972,516,19,"518,752","25,011","283,107","1,442,938"
17/06/2021 12:00,18/06/2021 12:00,"1,038",496,31,"531,554","24,685","286,469","1,442,705"
18/06/2021 12:00,19/06/2021 12:00,"1,122",473,31,"509,673","24,290","271,606","1,441,336"
19/06/2021 12:00,20/06/2021 12:00,"1,057",142,12,"415,347","19,518","226,835","1,435,191"
20/06/2021 12:00,21/06/2021 12:00,"1,003",211,14,"413,349","22,459","237,887","1,441,967"
21/06/2021 12:00,22/06/2021 12:00,"1,246",542,25,"471,812","23,751","262,074","1,444,165"
22/06/2021 12:00,23/06/2021 12:00,"1,237",592,40,"572,886","67,641","318,622","1,446,423"
23/06/2021 12:00,24/06/2021 12:00,"6,113","1,790",176,"896,020","106,825","482,433","1,475,236"
24/06/2021 12:00,25/06/2021 12:00,"3,685","1,243",87,"962,125","55,495","491,460","1,482,381"
25/06/2021 12:00,26/06/2021 12:00,"2,653",696,40,"942,672","48,511","475,317","1,476,297"
26/06/2021 12:00,27/06/2021 12:00,"2,333",245,30,"792,311","39,650","399,592","1,472,625"
27/06/2021 12:00,28/06/2021 12:00,"1,871",346,30,"755,385","48,068","404,930","1,481,350"
28/06/2021 12:00,29/06/2021 12:00,"2,797",858,82,"806,856","50,387","430,272","1,486,958"
29/06/2021 12:00,30/06/2021 12:00,"1,844",833,49,"806,367","39,896","434,548","1,494,143"
30/06/2021 12:00,01/07/2021 12:00,985,630,52,"858,830","38,574","448,953","1,495,931"
01/07/2021 12:00,02/07/2021 12:00,994,734,40,"845,180","35,533","436,388","1,493,706"
02/07/2021 12:00,03/07/2021 12:00,881,580,28,"815,326","33,307","418,608","1,491,864"
03/07/2021 12:00,04/07/2021 12:00,752,0,0,"704,154","29,384","356,799","1,484,382"
04/07/2021 12:00,05/07/2021 12:00,835,390,44,"660,733","31,315","357,404","1,491,245"
05/07/2021 12:00,06/07/2021 12:00,"1,066",666,33,"695,853","31,712","371,356","1,493,789"
06/07/2021 12:00,07/07/2021 12:00,"1,082",577,33,"703,982","33,116","372,903","1,495,009"
07/07/2021 12:00,08/07/2021 12:00,"1,077",607,32,"720,676","31,668","380,327","1,494,760"
08/07/2021 12:00,09/07/2021 12:00,"1,105",616,20,"726,853","31,573","379,057","1,494,548"
09/07/2021 12:00,10/07/2021 12:00,"1,152",583,29,"719,193","30,275","367,985","1,492,946"
10/07/2021 12:00,11/07/2021 12:00,"1,100",136,14,"628,478","26,973","324,897","1,485,271"
11/07/2021 12:00,12/07/2021 12:00,"1,009",257,23,"590,879","29,059","321,561","1,491,288"
12/07/2021 12:00,13/07/2021 12:00,"1,126",587,42,"657,443","30,418","346,003","1,493,767"
13/07/2021 12:00,14/07/2021 12:00,"1,117",521,29,"674,485","29,295","352,810","1,494,486"
14/07/2021 12:00,15/07/2021 12:00,"1,140",598,39,"696,182","30,319","361,282","1,495,008"
15/07/2021 12:00,16/07/2021 12:00,"1,190",596,28,"701,214","29,638","359,956","1,495,096"
16/07/2021 12:00,17/07/2021 12:00,973,423,26,"626,854","26,242","325,928","1,493,082"
17/07/2021 12:00,18/07/2021 12:00,818,139,12,"499,989","22,639","272,182","1,486,125"
18/07/2021 12:00,19/07/2021 12:00,853,232,30,"547,645","26,660","301,763","1,492,538"
19/07/2021 12:00,20/07/2021 12:00,688,608,33,"624,242","29,027","331,297","1,494,995"
20/07/2021 12:00,21/07/2021 12:00,791,579,51,"649,008","29,171","339,050","1,495,447"
21/07/2021 12:00,22/07/2021 12:00,753,523,31,"626,887","28,713","332,190","1,495,777"
22/07/2021 12:00,23/07/2021 12:00,847,593,32,"641,862","28,028","336,052","1,495,497"
23/07/2021 12:00,24/07/2021 12:00,789,493,19,"642,131","28,840","330,367","1,493,283"
24/07/2021 12:00,25/07/2021 12:00,523,135,16,"543,446","25,107","288,663","1,486,250"
25/07/2021 12:00,26/07/2021 12:00,448,212,20,"512,579","27,196","287,874","1,493,397"
26/07/2021 12:00,27/07/2021 12:00,619,565,34,"551,309","27,592","302,950","1,494,941"
27/07/2021 12:00,28/07/2021 12:00,526,667,31,"581,022","26,891","314,754","1,495,321"
28/07/2021 12:00,29/07/2021 12:00,546,544,32,"602,656","26,973","324,684","1,495,060"
29/07/2021 12:00,30/07/2021 12:00,511,569,37,"618,344","27,893","327,969","1,494,077"
30/07/2021 12:00,31/07/2021 12:00,520,556,20,"586,715","24,576","308,199","1,492,106"
31/07/2021 12:00,01/08/2021 12:00,477,118,12,"503,821","23,243","270,476","1,484,584"
01/08/2021 12:00,02/08/2021 12:00,444,194,15,"499,651","24,490","280,499","1,491,811"
02/08/2021 12:00,03/08/2021 12:00,457,592,36,"531,169","24,865","291,182","1,494,080"
03/08/2021 12:00,04/08/2021 12:00,425,669,30,"541,093","24,438","295,337","1,494,971"
04/08/2021 12:00,05/08/2021 12:00,479,650,41,"569,045","27,075","307,787","1,497,332"
05/08/2021 12:00,06/08/2021 12:00,463,592,33,"575,793","25,459","304,886","1,500,805"
06/08/2021 12:00,07/08/2021 12:00,395,499,21,"572,826","23,650","297,187","1,502,392"
07/08/2021 12:00,08/08/2021 12:00,302,121,12,"476,177","20,587","255,614","1,497,827"
08/08/2021 12:00,09/08/2021 12:00,361,182,15,"439,352","23,595","249,782","1,506,839"
09/08/2021 12:00,10/08/2021 12:00,439,700,36,"522,308","26,051","286,612","1,510,613"
10/08/2021 12:00,11/08/2021 12:00,430,605,39,"579,742","25,324","308,090","1,513,447"
11/08/2021 12:00,12/08/2021 12:00,605,694,42,"615,598","28,979","327,015","1,516,064"
12/08/2021 12:00,13/08/2021 12:00,616,864,44,"644,062","27,672","335,099","1,519,130"
13/08/2021 12:00,14/08/2021 12:00,571,594,26,"625,305","27,150","322,433","1,519,903"
14/08/2021 12:00,15/08/2021 12:00,446,147,17,"529,874","22,907","280,163","1,514,023"
15/08/2021 12:00,16/08/2021 12:00,465,208,18,"527,899","25,779","291,638","1,521,423"
16/08/2021 12:00,17/08/2021 12:00,489,297,41,"557,458","25,326","303,032","1,525,306"
17/08/2021 12:00,18/08/2021 12:00,"15,021","1,541",182,"762,075","255,338","502,653","1,580,427"
18/08/2021 12:00,19/08/2021 12:00,"21,294","2,525",505,"499,138","227,713","389,142","1,638,387"
19/08/2021 12:00,20/08/2021 12:00,"16,516","1,794",266,"556,318","168,733","430,357","1,681,791"
20/08/2021 12:00,21/08/2021 12:00,"15,474","2,044",182,"561,166","159,855","450,557","1,721,371"
21/08/2021 12:00,22/08/2021 12:00,"10,081","3,788",115,"479,145","142,760","392,055","1,748,434"
22/08/2021 12:00,23/08/2021 12:00,"31,525","2,548",549,"581,020","178,820","455,810","1,804,609"
23/08/2021 12:00,24/08/2021 12:00,"23,943","3,895",629,"706,590","132,542","527,780","1,848,914"
24/08/2021 12:00,25/08/2021 12:00,"15,425","6,370",567,"746,150","166,558","549,132","1,876,247"
25/08/2021 12:00,26/08/2021 12:00,"11,948","3,783",366,"753,981","123,498","551,133","1,898,203"
26/08/2021 12:00,27/08/2021 12:00,"9,675","11,095",321,"735,575","129,436","547,638","1,912,800"
27/08/2021 12:00,28/08/2021 12:00,"8,528","4,949",469,"672,605","124,971","514,771","1,926,154"
28/08/2021 12:00,29/08/2021 12:00,"6,242","1,586",348,"571,524","109,220","454,573","1,929,219"
29/08/2021 12:00,30/08/2021 12:00,"5,295","2,004",411,"606,475","126,450","472,036","1,942,930"
30/08/2021 12:00,31/08/2021 12:00,"5,930","6,921","1,025","687,138","106,801","506,368","1,954,689"
31/08/2021 12:00,01/09/2021 12:00,"12,152","11,258","1,585","986,699","108,022","670,370","1,970,029"
01/09/2021 12:00,02/09/2021 12:00,"9,285","6,394",587,"1,191,180","107,969","758,220","1,988,868"
02/09/2021 12:00,03/09/2021 12:00,"6,240","3,408",362,"1,177,398","94,952","752,324","1,999,219"
03/09/2021 12:00,04/09/2021 12:00,"4,423","1,783",170,"1,064,410","76,770","715,601","2,006,506"
04/09/2021 12:00,05/09/2021 12:00,"3,093",417,70,"856,514","67,955","616,174","2,003,733"
05/09/2021 12:00,06/09/2021 12:00,"3,231","1,174",186,"911,402","80,687","633,848","2,011,630"
06/09/2021 12:00,07/09/2021 12:00,"9,227","4,672",737,"1,022,923","106,012","673,829","2,024,796"
07/09/2021 12:00,08/09/2021 12:00,"9,146","-6,671",788,"1,628,545","95,474","882,600","2,040,623"
08/09/2021 12:00,09/09/2021 12:00,"13,916","4,265",653,"2,554,327","115,351","1,157,290","2,062,795"
09/09/2021 12:00,10/09/2021 12:00,"9,516","2,412",368,"2,654,447","100,302","1,173,491","2,078,535"
10/09/2021 12:00,11/09/2021 12:00,"6,850","5,380",352,"2,607,240","94,584","1,147,647","2,085,939"
11/09/2021 12:00,12/09/2021 12:00,"6,023",779,110,"2,205,709","76,144","1,028,200","2,085,707"
12/09/2021 12:00,13/09/2021 12:00,"3,330",773,84,"2,151,217","84,905","1,043,326","2,070,865"
13/09/2021 12:00,14/09/2021 12:00,"4,378","2,337",258,"2,344,201","86,142","1,094,139","2,105,551"
14/09/2021 12:00,15/09/2021 12:00,"4,306","2,238",178,"2,464,868","75,637","1,145,109","2,113,827"
15/09/2021 12:00,16/09/2021 12:00,"3,797","2,546",171,"2,485,022","71,274","1,137,270","2,119,341"
16/09/2021 12:00,17/09/2021 12:00,"3,358","1,728",95,"2,531,448","72,040","1,144,091","2,123,889"
17/09/2021 12:00,18/09/2021 12:00,"3,437","1,394",107,"2,607,456","66,812","1,167,530","2,127,948"
18/09/2021 12:00,19/09/2021 12:00,"2,895",453,56,"2,158,737","54,956","996,217","2,112,023"
19/09/2021 12:00,20/09/2021 12:00,"2,897",947,102,"2,133,786","71,069","1,031,020","2,131,212"
20/09/2021 12:00,21/09/2021 12:00,"3,248","3,682",430,"2,325,977","74,804","1,094,298","2,138,087"
21/09/2021 12:00,22/09/2021 12:00,"4,591","6,672",725,"2,516,804","74,213","1,178,154","2,144,832"
22/09/2021 12:00,23/09/2021 12:00,"2,778","4,331",426,"2,580,224","72,117","1,228,024","2,152,121"
23/09/2021 12:00,24/09/2021 12:00,"3,221","2,349",227,"2,694,133","68,087","1,226,744","2,153,920"
24/09/2021 12:00,25/09/2021 12:00,"2,667","1,406",115,"2,724,646","62,505","1,225,187","2,157,980"
25/09/2021 12:00,26/09/2021 13:00,"2,435",525,76,"2,358,457","54,487","1,094,535","2,150,668"
26/09/2021 13:00,27/09/2021 13:00,"2,130",877,94,"2,205,424","60,666","1,076,583","2,159,272"
27/09/2021 13:00,28/09/2021 13:00,"2,151","2,526",168,"2,367,202","59,962","1,129,394","2,161,062"
28/09/2021 13:00,29/09/2021 13:00,"2,153","1,734",111,"2,482,173","58,540","1,177,423","2,163,416"
29/09/2021 13:00,30/09/2021 13:00,"2,185","1,970",143,"2,555,931","64,351","1,191,633","2,170,807"
30/09/2021 13:00,01/10/2021 13:00,"2,125","1,592",135,"2,620,646","59,868","1,203,713","2,171,998"
01/10/2021 13:00,02/10/2021 13:00,"1,937","1,095",88,"2,603,504","55,321","1,202,486","2,171,360"
02/10/2021 13:00,03/10/2021 13:00,"1,888",640,61,"2,129,194","54,472","1,032,070","2,161,356"
03/10/2021 13:00,04/10/2021 13:00,"2,885",788,94,"2,171,619","79,653","1,066,084","2,175,137"
04/10/2021 13:00,05/10/2021 13:00,"2,847","1,965",185,"2,320,259","69,074","1,121,002","2,181,836"
05/10/2021 13:00,06/10/2021 13:00,"3,030","2,041",158,"2,472,538","70,802","1,160,298","2,185,260"
06/10/2021 13:00,07/10/2021 13:00,"2,093","1,759",150,"2,548,657","68,119","1,187,988","2,188,039"
07/10/2021 13:00,08/10/2021 13:00,"2,872","4,854",172,"2,603,357","66,709","1,206,057","2,191,056"
08/10/2021 13:00,09/10/2021 13:00,"2,660","1,956",130,"2,592,469","70,828","1,187,664","2,191,967"
09/10/2021 13:00,10/10/2021 13:00,"2,384",635,62,"2,091,852","64,782","1,028,063","2,182,913"
10/10/2021 13:00,11/10/2021 13:00,"2,429",863,133,"2,172,139","76,084","1,089,182","2,194,367"
11/10/2021 13:00,12/10/2021 13:00,"2,870","2,277",177,"2,270,069","69,105","1,094,745","2,199,507"
12/10/2021 13:00,13/10/2021 13:00,"2,465","2,101",130,"2,345,498","62,191","1,121,139","2,204,172"
13/10/2021 13:00,14/10/2021 13:00,"2,437","1,993",134,"2,444,280","67,446","1,170,071","2,207,006"
14/10/2021 13:00,15/10/2021 13:00,"2,336","1,772",123,"2,598,045","65,611","1,202,839","2,209,149"
15/10/2021 13:00,16/10/2021 13:00,"2,269","1,294",70,"2,559,639","89,153","1,197,057","2,209,499"
16/10/2021 13:00,17/10/2021 13:00,"2,100",482,35,"2,046,659","61,681","1,023,566","2,203,644"
17/10/2021 13:00,18/10/2021 13:00,"1,974",824,86,"2,000,639","62,040","1,018,201","2,215,093"
18/10/2021 13:00,19/10/2021 13:00,"1,939","1,876",119,"2,205,090","59,983","1,090,311","2,219,179"
19/10/2021 13:00,20/10/2021 13:00,"1,881","1,896",126,"2,379,933","62,345","1,146,992","2,221,385"
20/10/2021 13:00,21/10/2021 13:00,"1,916","1,832",103,"2,491,985","58,964","1,189,331","2,223,676"
21/10/2021 13:00,22/10/2021 13:00,"2,026","1,859",146,"2,526,742","61,282","1,180,162","2,224,581"
22/10/2021 13:00,23/10/2021 13:00,"1,674","1,547",110,"2,535,204","59,556","1,162,240","2,221,221"
23/10/2021 13:00,24/10/2021 13:00,"2,299",541,47,"2,054,701","54,248","990,569","2,209,275"
24/10/2021 13:00,25/10/2021 13:00,"1,819",565,72,"1,735,386","51,237","888,804","2,208,517"
25/10/2021 13:00,26/10/2021 13:00,"1,889",899,86,"2,098,749","67,303","1,052,607","2,228,014"
26/10/2021 13:00,27/10/2021 13:00,"2,292","1,826",126,"2,355,506","63,751","1,139,601","2,233,964"
27/10/2021 13:00,28/10/2021 13:00,"2,735","2,071",143,"2,529,102","82,979","1,181,674","2,237,257"
28/10/2021 13:00,29/10/2021 13:00,"4,340","2,299",159,"2,630,826","74,077","1,208,648","2,243,351"
29/10/2021 13:00,30/10/2021 13:00,"2,846","2,484",108,"2,661,050","63,966","1,219,656","2,243,869"
30/10/2021 13:00,31/10/2021 13:00,"2,362","1,124",68,"2,099,532","58,752","1,024,185","2,234,999"
31/10/2021 13:00,01/11/2021 13:00,"2,206","1,741",80,"2,131,589","63,988","1,066,255","2,246,461"
01/11/2021 13:00,02/11/2021 13:00,"2,221","2,307",127,"2,287,607","59,660","1,116,534","2,250,224"
02/11/2021 13:00,03/11/2021 13:00,"2,109","4,294",122,"2,380,792","58,646","1,138,441","2,253,341"
03/11/2021 13:00,04/11/2021 13:00,"2,065","1,515",93,"2,431,368","54,938","1,149,055","2,255,543"
04/11/2021 13:00,05/11/2021 13:00,"1,359","2,129",114,"2,554,882","54,067","1,183,926","2,254,709"
05/11/2021 13:00,06/11/2021 13:00,"1,811","1,530",80,"2,605,956","53,693","1,175,656","2,257,417"
06/11/2021 13:00,07/11/2021 13:00,"1,640",578,55,"2,100,450","45,459","1,018,028","2,241,618"
07/11/2021 13:00,08/11/2021 13:00,"1,572",752,56,"2,107,314","56,007","1,052,868","2,257,795"
08/11/2021 13:00,09/11/2021 13:00,"1,945","2,348",132,"2,272,598","56,930","1,103,509","2,261,224"
09/11/2021 13:00,10/11/2021 13:00,"2,069","1,923",116,"2,507,610","51,379","1,164,141","2,263,723"
10/11/2021 13:00,11/11/2021 13:00,"2,328","1,723",89,"2,743,072","51,921","1,237,395","2,267,403"
11/11/2021 13:00,12/11/2021 13:00,"2,432","1,801",102,"2,841,426","55,476","1,244,241","2,268,929"
12/11/2021 13:00,13/11/2021 13:00,"2,688","1,804",89,"2,890,639","55,548","1,219,070","2,268,054"
13/11/2021 13:00,14/11/2021 13:00,"2,706",832,57,"2,425,175","51,787","1,071,036","2,260,811"
14/11/2021 13:00,15/11/2021 13:00,"2,091","1,057",87,"2,452,750","60,466","1,136,180","2,275,280"
15/11/2021 13:00,16/11/2021 13:00,"2,884","2,287",126,"2,529,239","56,239","1,164,205","2,278,397"
16/11/2021 13:00,17/11/2021 13:00,"2,914","1,891",110,"2,666,946","60,644","1,212,710","2,283,352"
17/11/2021 13:00,18/11/2021 13:00,"4,150","2,374",157,"2,779,498","64,038","1,255,793","2,290,146"
18/11/2021 13:00,19/11/2021 13:00,"4,209","2,046",129,"3,020,222","58,402","1,283,600","2,294,413"
19/11/2021 13:00,20/11/2021 13:00,"3,432","2,419",86,"3,108,732","52,324","1,301,165","2,294,561"
20/11/2021 13:00,21/11/2021 13:00,"3,065",758,65,"2,587,792","49,622","1,140,990","2,286,776"
21/11/2021 13:00,22/11/2021 13:00,"3,340","1,023",86,"2,508,326","58,244","1,149,461","2,301,154"
22/11/2021 13:00,23/11/2021 13:00,"4,513","2,133",168,"2,644,293","57,338","1,202,348","2,308,451"
23/11/2021 13:00,24/11/2021 13:00,"4,531","2,267",201,"2,780,436","51,876","1,244,928","2,313,599"
24/11/2021 13:00,25/11/2021 13:00,"4,250","2,073",166,"2,926,706","48,612","1,278,581","2,319,198"
25/11/2021 13:00,26/11/2021 13:00,"4,214","1,873",155,"3,297,468","49,643","1,344,622","2,322,549"
26/11/2021 13:00,27/11/2021 13:00,"3,848","2,740",140,"3,510,635","46,135","1,371,678","2,324,989"
27/11/2021 13:00,28/11/2021 13:00,"3,722",855,67,"2,853,854","42,132","1,179,564","2,314,648"
28/11/2021 13:00,29/11/2021 13:00,"4,111","1,045",103,"2,715,600","52,169","1,194,105","2,331,803"
29/11/2021 13:00,30/11/2021 13:00,"5,392","2,467",236,"2,731,712","54,573","1,227,924","2,339,697"
30/11/2021 13:00,01/12/2021 13:00,"5,120","2,710",226,"2,851,113","48,281","1,260,647","2,345,810"
01/12/2021 13:00,02/12/2021 13:00,"4,225","2,994",241,"2,981,399","49,362","1,299,941","2,351,244"
02/12/2021 13:00,03/12/2021 13:00,"6,940","3,479",307,"3,335,002","51,369","1,391,241","2,359,015"
03/12/2021 13:00,04/12/2021 13:00,"7,873","3,011",187,"3,581,168","43,991","1,437,349","2,363,718"
04/12/2021 13:00,05/12/2021 13:00,"5,613","1,027",82,"2,983,285","38,760","1,238,099","2,355,435"
05/12/2021 13:00,06/12/2021 13:00,"4,640","1,280",131,"2,764,359","44,927","1,225,343","2,368,841"
06/12/2021 13:00,07/12/2021 13:00,"4,001","4,763",184,"2,873,587","45,034","1,267,570","2,370,845"
07/12/2021 13:00,08/12/2021 13:00,"3,449","2,202",124,"3,113,749","43,867","1,329,764","2,377,696"
08/12/2021 13:00,09/12/2021 13:00,"3,261","2,679",124,"3,237,447","42,523","1,369,159","2,380,924"
09/12/2021 13:00,10/12/2021 13:00,"2,942","1,998",92,"3,436,093","40,292","1,404,803","2,381,168"
10/12/2021 13:00,11/12/2021 13:00,"2,709","1,653",80,"3,544,063","37,385","1,407,499","2,383,117"
11/12/2021 13:00,12/12/2021 13:00,"2,539",730,73,"2,958,010","35,295","1,213,057","2,370,670"
12/12/2021 13:00,13/12/2021 13:00,"2,594",836,83,"2,851,866","42,063","1,218,669","2,383,324"
13/12/2021 13:00,14/12/2021 13:00,"2,453","2,251",77,"2,885,389","41,577","1,247,389","2,388,741"
14/12/2021 13:00,15/12/2021 13:00,"1,903","2,850",111,"3,049,552","40,988","1,288,517","2,393,593"
15/12/2021 13:00,16/12/2021 13:00,"2,547","1,399",106,"3,217,785","40,947","1,341,754","2,395,251"
16/12/2021 13:00,17/12/2021 13:00,"2,602","1,447",70,"3,527,341","44,103","1,404,331","2,396,926"
17/12/2021 13:00,18/12/2021 13:00,"2,462","1,472",59,"3,589,699","41,510","1,388,068","2,395,845"
18/12/2021 13:00,19/12/2021 13:00,"4,599","2,006",93,"3,008,514","34,724","1,214,255","2,381,480"
19/12/2021 13:00,20/12/2021 13:00,"4,136",641,48,"3,031,528","43,133","1,247,447","2,391,916"
20/12/2021 13:00,21/12/2021 13:00,"4,096","1,242",60,"3,349,312","43,178","1,330,780","2,397,195"
21/12/2021 13:00,22/12/2021 13:00,"2,164","1,175",60,"3,594,272","43,458","1,379,131","2,399,595"
22/12/2021 13:00,23/12/2021 13:00,"2,129","1,106",48,"3,824,583","43,645","1,431,839","2,401,547"
23/12/2021 13:00,24/12/2021 13:00,"1,992",858,36,"3,962,783","38,882","1,450,129","2,398,880"
24/12/2021 13:00,25/12/2021 13:00,"1,667",427,21,"1,690,749","24,553","846,846","2,389,232"
25/12/2021 13:00,26/12/2021 13:00,"1,941",186,16,"1,160,340","25,750","555,326","2,366,538"
26/12/2021 13:00,27/12/2021 13:00,"1,678",448,40,"2,125,118","40,571","940,792","2,367,700"
27/12/2021 13:00,28/12/2021 13:00,"1,973",223,18,"2,240,384","43,563","983,998","2,360,372"
28/12/2021 13:00,29/12/2021 13:00,"3,845",267,17,"2,501,968","45,424","1,063,434","2,367,886"
29/12/2021 13:00,30/12/2021 13:00,"3,923",447,24,"2,675,380","52,021","1,153,451","2,368,018"
30/12/2021 13:00,31/12/2021 13:00,"1,946","1,053",64,"2,734,784","46,115","1,156,881","2,368,003"
31/12/2021 13:00,01/01/2022 13:00,"1,471",951,74,"1,939,896","34,942","945,174","2,358,838"
01/01/2022 13:00,02/01/2022 13:00,"2,474",166,18,"1,606,277","34,161","834,911","2,347,783"
02/01/2022 13:00,03/01/2022 13:00,"1,114",217,24,"1,931,386","39,550","924,262","2,355,346"
03/01/2022 13:00,04/01/2022 13:00,"2,159",264,39,"2,037,684","38,875","945,906","2,357,470"
04/01/2022 13:00,05/01/2022 13:00,"2,286",596,83,"2,387,154","44,692","1,055,639","2,369,378"
05/01/2022 13:00,06/01/2022 13:00,"2,267",969,92,"2,601,070","45,841","1,115,923","2,376,314"
06/01/2022 13:00,07/01/2022 13:00,"1,430",715,54,"2,639,740","42,414","1,115,346","2,378,921"
07/01/2022 13:00,08/01/2022 13:00,"1,428","1,341",92,"2,541,344","38,656","1,103,128","2,377,535"
08/01/2022 13:00,09/01/2022 13:00,"1,097","1,028",72,"2,019,963","38,631","969,764","2,373,170"
09/01/2022 13:00,10/01/2022 13:00,"1,160",558,50,"2,213,296","45,618","1,031,117","2,389,121"
10/01/2022 13:00,11/01/2022 13:00,"1,424","1,664",88,"2,400,349","42,319","1,075,487","2,388,887"
11/01/2022 13:00,12/01/2022 13:00,"1,377","3,147",154,"2,430,752","43,491","1,094,233","2,389,939"
12/01/2022 13:00,13/01/2022 13:00,"1,479","3,161",139,"2,539,135","41,539","1,131,622","2,401,197"
13/01/2022 13:00,14/01/2022 13:00,"1,443","1,166",67,"2,626,641","39,826","1,143,404","2,401,938"
14/01/2022 13:00,15/01/2022 13:00,"4,259","1,298",79,"2,585,725","36,897","1,152,342","2,400,283"
15/01/2022 13:00,16/01/2022 13:00,"1,146","1,835",122,"2,101,314","32,135","990,041","2,387,398"
16/01/2022 13:00,17/01/2022 13:00,803,"1,046",82,"2,180,938","42,619","1,026,020","2,401,475"
17/01/2022 13:00,18/01/2022 13:00,"1,405","1,913",109,"2,363,605","43,029","1,095,619","2,407,106"
18/01/2022 13:00,19/01/2022 13:00,"1,309","1,541",65,"2,426,353","38,343","1,105,443","2,407,014"
19/01/2022 13:00,20/01/2022 13:00,"2,634","2,023",93,"2,469,955","39,208","1,121,303","2,408,117"
20/01/2022 13:00,21/01/2022 13:00,"1,497","1,902",89,"2,627,744","41,402","1,163,343","2,409,806"
21/01/2022 13:00,22/01/2022 13:00,"1,354","1,653",79,"2,638,168","38,193","1,156,739","2,406,088"
22/01/2022 13:00,23/01/2022 13:00,"2,486","2,224",124,"2,164,404","43,070","1,018,342","2,389,590"
23/01/2022 13:00,24/01/2022 13:00,"2,761","2,817",269,"2,287,273","56,983","1,085,256","2,407,832"
24/01/2022 13:00,25/01/2022 13:00,"2,390","5,229",421,"2,478,361","53,376","1,158,536","2,418,117"
25/01/2022 13:00,26/01/2022 13:00,"1,511","3,994",212,"2,563,875","50,163","1,165,285","2,420,385"
26/01/2022 13:00,27/01/2022 13:00,"3,665","2,989",170,"2,632,413","51,377","1,197,675","2,423,714"
27/01/2022 13:00,28/01/2022 13:00,"2,131","2,834",179,"2,763,639","49,302","1,246,497","2,425,768"
28/01/2022 13:00,29/01/2022 13:00,"1,788","2,202",105,"2,761,456","45,866","1,203,349","2,423,715"
29/01/2022 13:00,30/01/2022 13:00,"1,427",799,64,"2,226,362","43,757","1,041,331","2,406,450"
30/01/2022 13:00,31/01/2022 13:00,"2,861",0,0,"2,062,006","47,944","1,009,004","2,412,771"
31/01/2022 13:00,01/02/2022 13:00,"1,736",0,0,"2,329,155","50,651","1,096,162","2,429,003"
01/02/2022 13:00,02/02/2022 13:00,"1,887",0,0,"2,468,158","50,237","1,147,853","2,433,927"
02/02/2022 13:00,03/02/2022 13:00,"1,835","7,594",384,"2,451,844","45,295","1,156,112","2,436,118"
03/02/2022 13:00,04/02/2022 13:00,"1,579","10,229",490,"2,547,952","42,483","1,154,138","2,434,408"
04/02/2022 13:00,05/02/2022 13:00,"1,220","1,958",78,"2,513,608","38,299","1,130,373","2,431,921"
05/02/2022 13:00,06/02/2022 13:00,"2,323","1,958",78,"2,024,133","35,530","952,120","2,413,051"
06/02/2022 13:00,07/02/2022 13:00,975,0,0,"1,658,093","35,066","824,660","2,400,634"
07/02/2022 13:00,08/02/2022 13:00,900,0,0,"2,051,040","50,391","999,005","2,430,754"
08/02/2022 13:00,09/02/2022 13:00,"1,301","4,177",216,"2,262,679","47,199","1,082,892","2,435,706"
09/02/2022 13:00,10/02/2022 13:00,"1,293","6,459",305,"2,281,000","46,391","1,078,888","2,435,988"
10/02/2022 13:00,11/02/2022 13:00,"1,351","1,953",94,"2,389,206","49,511","1,107,762","2,437,387"
11/02/2022 13:00,12/02/2022 13:00,"1,163","1,605",72,"2,399,407","42,849","1,104,209","2,434,803"
12/02/2022 13:00,13/02/2022 13:00,"1,088",623,37,"1,834,602","36,193","888,319","2,421,736"
13/02/2022 13:00,14/02/2022 13:00,"1,238",976,62,"1,885,543","52,378","945,286","2,430,494"
14/02/2022 13:00,15/02/2022 13:00,"1,449","2,183",102,"2,181,446","51,935","1,060,337","2,433,774"
15/02/2022 13:00,16/02/2022 13:00,"1,479","4,861",207,"2,152,122","47,947","1,037,776","2,437,220"
16/02/2022 13:00,17/02/2022 13:00,"1,385","4,786",190,"2,197,398","50,498","1,052,730","2,435,520"
17/02/2022 13:00,18/02/2022 13:00,"2,810","1,963",90,"2,269,130","46,340","1,075,685","2,433,239"
18/02/2022 13:00,19/02/2022 13:00,"1,233","3,176",127,"2,298,966","42,944","1,054,390","2,435,281"
19/02/2022 13:00,20/02/2022 13:00,"1,087","1,213",37,"1,867,370","37,651","905,060","2,418,782"
20/02/2022 13:00,21/02/2022 13:00,"1,943",0,0,"1,853,110","50,311","932,984","2,432,151"
21/02/2022 13:00,22/02/2022 13:00,"2,252","3,864",215,"1,920,174","49,896","953,087","2,435,716"
22/02/2022 13:00,23/02/2022 13:00,"1,454",0,0,"1,966,520","47,164","962,433","2,423,557"
23/02/2022 13:00,24/02/2022 13:00,"1,439","4,081",171,"2,014,895","50,417","984,908","2,437,549"
24/02/2022 13:00,25/02/2022 13:00,"1,415","1,944",74,"2,032,660","44,315","969,545","2,434,664"
25/02/2022 13:00,26/02/2022 13:00,"1,175","1,107",55,"1,952,306","40,471","926,012","2,420,109"
26/02/2022 13:00,27/02/2022 13:00,"2,144","1,630",88,"1,485,263","34,071","742,727","2,398,997"
27/02/2022 13:00,28/02/2022 13:00,"1,022",606,34,"1,440,460","42,806","741,988","2,411,719"
28/02/2022 13:00,01/03/2022 13:00,"1,196","1,592",65,"1,500,077","38,090","758,420","2,414,449"
01/03/2022 13:00,02/03/2022 13:00,"1,236","1,347",41,"1,510,301","37,687","760,736","2,414,108"
02/03/2022 13:00,03/03/2022 13:00,"1,098","1,451",36,"1,489,030","33,112","755,058","2,412,775"
03/03/2022 13:00,04/03/2022 13:00,"1,042","1,216",51,"1,513,247","33,227","748,055","2,409,794"
04/03/2022 13:00,05/03/2022 13:00,950,"1,066",29,"1,495,933","28,760","726,448","2,403,097"
05/03/2022 13:00,06/03/2022 13:00,866,374,28,"1,175,694","26,713","605,224","2,384,016"
06/03/2022 13:00,07/03/2022 13:00,942,448,28,"1,148,142","33,416","606,907","2,397,674"
07/03/2022 13:00,08/03/2022 13:00,"1,098","1,128",40,"1,196,075","35,123","620,836","2,398,961"
08/03/2022 13:00,09/03/2022 13:00,"1,052","1,123",30,"1,224,353","32,386","630,317","2,398,434"
09/03/2022 13:00,10/03/2022 13:00,706,"1,128",43,"1,224,349","31,307","629,830","2,397,192"
10/03/2022 13:00,11/03/2022 13:00,892,"1,011",35,"1,241,499","29,670","627,643","2,395,518"
11/03/2022 13:00,12/03/2022 13:00,813,806,24,"1,238,953","27,099","612,785","2,389,679"
12/03/2022 13:00,13/03/2022 13:00,751,291,16,"963,869","24,299","504,385","2,371,361"
13/03/2022 13:00,14/03/2022 13:00,775,406,20,"947,095","30,047","510,908","2,381,889"
14/03/2022 13:00,15/03/2022 13:00,878,"1,094",37,"1,024,926","28,860","538,230","2,384,044"
15/03/2022 13:00,16/03/2022 13:00,808,967,35,"1,048,761","28,883","544,671","2,383,541"
16/03/2022 13:00,17/03/2022 13:00,846,"1,006",28,"1,052,643","27,249","547,939","2,382,645"
17/03/2022 13:00,18/03/2022 13:00,817,909,22,"1,058,343","25,178","541,824","2,379,271"
18/03/2022 13:00,19/03/2022 13:00,671,795,17,"1,028,796","23,234","516,723","2,372,993"
19/03/2022 13:00,20/03/2022 13:00,696,230,13,"807,359","20,533","426,619","2,355,603"
20/03/2022 13:00,21/03/2022 13:00,495,300,16,"706,443","24,140","392,525","2,365,259"
21/03/2022 13:00,22/03/2022 13:00,709,845,29,"778,275","24,588","423,150","2,366,609"
22/03/2022 13:00,23/03/2022 13:00,745,817,20,"800,201","25,498","431,117","2,365,843"
23/03/2022 13:00,24/03/2022 13:00,599,606,21,"661,582","19,395","363,305","2,360,491"
24/03/2022 13:00,25/03/2022 13:00,434,433,5,"618,136","16,952","336,863","2,349,645"
25/03/2022 13:00,26/03/2022 13:00,417,339,8,"483,666","15,701","276,008","2,338,761"
26/03/2022 13:00,27/03/2022 13:00,332,132,8,"256,585","13,324","162,858","2,314,940"
27/03/2022 13:00,28/03/2022 13:00,349,136,7,"233,334","15,716","153,225","2,320,514"
28/03/2022 13:00,29/03/2022 13:00,383,202,2,"225,296","15,085","146,675","2,316,563"
29/03/2022 13:00,30/03/2022 13:00,384,268,9,"207,242","14,148","135,052","2,310,897"
30/03/2022 13:00,31/03/2022 13:00,358,220,5,"189,415","12,916","124,932","2,305,089"
31/03/2022 13:00,01/04/2022 13:00,368,183,4,"172,010","11,719","114,332","2,298,718"
01/04/2022 13:00,02/04/2022 13:00,330,201,3,"141,835","10,646","95,528","2,288,543"
02/04/2022 13:00,03/04/2022 12:00,298,55,3,"93,248","8,974","66,338","2,268,383"
03/04/2022 12:00,04/04/2022 12:00,323,57,5,"100,263","11,502","71,347","2,277,474"
04/04/2022 12:00,05/04/2022 12:00,242,125,6,"99,101","10,923","68,488","2,274,261"
05/04/2022 12:00,06/04/2022 12:00,302,100,5,"85,905","9,977","59,329","2,269,258"
06/04/2022 12:00,07/04/2022 12:00,284,96,2,"79,251","9,439","55,155","2,263,858"
07/04/2022 12:00,08/04/2022 12:00,246,86,3,"73,422","8,641","50,696","2,256,268"
08/04/2022 12:00,09/04/2022 12:00,215,101,4,"59,911","7,819","42,085","2,246,090"
09/04/2022 12:00,10/04/2022 12:00,228,-151,4,"41,303","6,944","29,939","2,226,779"
10/04/2022 12:00,11/04/2022 12:00,213,50,3,"45,286","7,909","33,404","2,235,147"
11/04/2022 12:00,12/04/2022 12:00,257,55,4,"52,958","8,407","37,159","2,233,139"
12/04/2022 12:00,13/04/2022 12:00,202,87,6,"51,417","8,112","35,538","2,229,189"
13/04/2022 12:00,14/04/2022 12:00,252,82,4,"48,789","7,788","33,645","2,223,177"
14/04/2022 12:00,15/04/2022 12:00,179,74,3,"30,872","5,762","22,447","2,211,185"
15/04/2022 12:00,16/04/2022 12:00,171,12,1,"17,567","4,742","13,966","2,180,361"
16/04/2022 12:00,17/04/2022 12:00,160,18,1,"21,231","5,634","15,717","2,165,725"
17/04/2022 12:00,18/04/2022 12:00,145,3,0,"11,894","5,082","10,119","2,159,874"
18/04/2022 12:00,19/04/2022 12:00,161,2,0,"24,646","7,292","18,315","2,175,291"
19/04/2022 12:00,20/04/2022 12:00,193,1,2,"31,417","7,474","22,096","2,176,028"
20/04/2022 12:00,21/04/2022 12:00,189,79,2,"30,626","7,433","18,102","2,170,957"
